date,daily_partial,daily_full,daily_booster,daily,cases_new,cases_import,cases_recovered,cases_active,cases_cluster,cases_unvax,cases_pvax,cases_fvax,cases_boost,cases_child,cases_adolescent,cases_adult,cases_elderly,cases_0_4,cases_5_11,cases_12_17,cases_18_29,cases_30_39,cases_40_49,cases_50_59,cases_60_69,cases_70_79,cases_80,cluster_import,cluster_religious,cluster_community,cluster_highRisk,cluster_education,cluster_detentionCentre,cluster_workplace
01/06/2021,75503,24470,0,99973,7105,2,6083,80013,1362,6828,154,123,0,966,526,4800,758,374,592,526,1944,1377,786,693,482,208,68,0,201,309,22,33,0,469
02/06/2021,97091,9903,0,106994,7703,2,5777,81852,1434,7394,167,142,0,1027,507,5265,706,421,606,507,2148,1471,938,708,453,193,60,0,145,265,16,24,54,538
03/06/2021,111485,7885,0,119370,8209,64,7049,82902,1820,7929,143,137,0,929,535,5766,776,384,545,535,2279,1720,980,787,518,202,56,54,197,270,3,22,5,903
04/06/2021,86497,4987,0,91484,7748,2,6624,83943,1708,7445,181,122,0,956,494,5276,740,392,564,494,2071,1517,909,779,485,182,73,0,83,213,4,70,2,879
05/06/2021,72250,1405,0,73655,7452,8,6105,85200,1727,7174,156,122,0,926,491,5044,718,348,578,491,2025,1444,872,703,492,156,70,0,148,274,17,8,66,791
06/06/2021,81211,1619,0,82830,6241,14,5133,86229,1290,5962,167,112,0,858,366,4287,559,341,517,366,1744,1247,715,581,364,146,49,0,64,250,3,35,58,601
07/06/2021,60851,5107,0,65958,5271,14,7548,83868,1113,5002,148,121,0,680,376,3659,514,252,428,376,1474,995,651,539,322,140,52,0,66,233,31,34,11,442
08/06/2021,108572,46440,0,155012,5566,4,6962,82399,1522,5338,143,85,0,681,357,3889,486,266,415,357,1541,1144,654,550,305,125,56,0,72,268,72,31,7,830
09/06/2021,116368,40814,0,157182,6239,11,7386,81159,1397,5970,154,115,0,755,415,4290,564,296,459,415,1666,1242,711,671,372,137,55,0,47,212,23,28,109,589
10/06/2021,113827,47509,0,161336,5671,8,7325,79437,1453,5392,155,124,0,754,396,3892,545,292,462,396,1467,1144,718,563,366,141,38,0,66,218,21,48,4,825
11/06/2021,96397,30300,0,126697,6849,4,7749,78471,2429,6544,195,110,0,698,405,4787,509,283,415,405,1769,1545,850,623,327,132,50,0,39,185,45,22,30,1865
12/06/2021,103472,34206,0,137678,5793,6,8334,75847,1517,5524,161,108,0,722,398,3908,500,285,437,398,1488,1180,704,536,331,123,46,1,28,233,24,12,44,859
13/06/2021,105025,27022,0,132047,5304,5,8163,72915,1622,5057,156,91,0,649,334,3672,415,257,392,334,1557,998,630,487,274,104,37,0,39,201,13,33,0,931
14/06/2021,148044,55968,0,204012,4949,6,6588,71185,1458,4687,170,92,0,590,327,3469,469,237,353,327,1426,977,639,427,295,112,62,0,13,144,46,15,35,881
15/06/2021,167139,56267,0,223406,5419,6,6831,69694,1591,5138,183,98,0,686,358,3654,541,262,424,358,1464,1040,618,532,302,145,94,0,25,218,65,4,3,843
16/06/2021,206350,8299,0,214649,5150,3,7240,67523,1141,4837,220,93,0,638,355,3494,496,275,363,355,1301,1036,630,527,281,143,72,0,7,130,46,4,2,618
17/06/2021,185156,44455,0,229611,5738,3,7530,65650,1692,5425,208,105,0,699,387,4122,456,280,419,387,1603,1247,754,518,293,125,38,0,12,239,16,7,31,1094
18/06/2021,153094,32778,0,185872,6440,5,6861,65148,2338,6133,198,109,0,696,337,4180,485,286,410,337,1519,1358,801,502,310,112,63,0,18,158,49,1,101,1348
19/06/2021,135904,36348,0,172252,5911,1,6918,64074,2192,5535,269,107,0,643,331,4185,449,238,405,331,1601,1366,743,475,303,103,43,0,10,266,82,23,263,1163
20/06/2021,122506,24253,0,146759,5293,7,5941,63351,1835,5012,207,74,0,636,354,3566,383,245,391,354,1410,1089,639,428,238,97,48,0,19,192,33,4,78,1116
21/06/2021,190623,54791,0,245414,4611,8,5439,62442,1783,4300,228,83,0,548,304,3121,372,219,329,304,1185,933,625,378,234,101,37,0,3,312,16,1,221,917
22/06/2021,199204,61076,0,260280,4743,2,5557,61540,1469,4375,277,91,0,647,290,3244,462,259,388,290,1284,1000,552,408,308,107,47,0,10,219,36,15,85,826
23/06/2021,185367,80189,0,265556,5244,7,6372,60328,1704,4809,334,101,0,642,307,3649,448,249,393,307,1451,1091,644,463,276,123,49,0,24,316,32,33,46,805
24/06/2021,183002,94854,0,277856,5841,8,5411,60677,1881,5349,377,115,0,747,379,4015,517,294,453,379,1627,1136,732,520,350,122,45,0,11,372,43,5,79,1059
25/06/2021,154832,68316,0,223148,5812,32,6775,59636,2146,5355,323,134,0,571,329,4108,431,238,333,329,1540,1398,704,466,287,103,41,0,0,386,33,17,84,1318
26/06/2021,142146,56407,0,198553,5803,10,5193,60158,2060,5294,394,115,0,573,326,4280,464,210,363,326,1620,1439,744,477,317,120,27,0,13,225,16,21,203,1133
27/06/2021,111762,66244,0,178006,5586,3,4777,60895,2131,5033,421,132,0,566,316,4174,424,232,334,316,1680,1273,742,479,274,101,49,0,2,240,58,4,202,1325
28/06/2021,166535,43670,0,210205,5218,7,4744,61278,1770,4766,341,111,0,644,348,3755,385,233,411,348,1486,1203,630,436,261,92,32,0,1,278,12,18,111,1074
29/06/2021,158885,85540,0,244425,6437,14,5298,62326,2351,5850,425,162,0,744,367,4191,517,296,448,367,1620,1391,649,531,332,141,44,0,2,444,32,5,86,1332
30/06/2021,173984,96846,0,270830,6276,16,4929,63563,1685,5602,504,170,0,781,377,4401,507,322,459,377,1714,1328,789,570,319,123,65,0,8,259,62,9,104,877
01/07/2021,183706,86615,0,270321,6988,5,5580,64873,2268,6165,647,176,0,809,379,4843,503,348,461,379,1935,1501,885,522,324,134,45,0,0,305,41,23,209,1341
02/07/2021,170191,70735,0,240926,6982,3,6278,65470,2198,6190,590,202,0,744,413,5084,524,321,423,413,2070,1500,911,603,343,134,47,0,10,339,99,2,13,1358
03/07/2021,144778,79430,0,224208,6658,11,5677,66333,1917,5883,590,185,0,793,408,4565,484,326,467,408,1856,1386,782,541,321,121,42,0,0,244,13,3,187,1152
04/07/2021,135053,80865,0,215918,6045,20,5271,66993,1799,5293,591,161,0,825,383,4212,464,345,480,383,1664,1287,764,497,273,129,62,0,7,297,73,10,34,1121
05/07/2021,206573,121489,0,328062,6387,26,4532,68748,1947,5552,623,212,0,741,352,4683,439,322,419,352,1862,1436,823,562,297,104,38,0,0,350,55,0,40,1182
06/07/2021,217064,139322,0,356386,7654,11,4797,71492,2463,6702,735,217,0,937,400,4978,522,403,534,400,2049,1533,825,571,346,133,43,0,0,288,42,45,46,1746
07/07/2021,218820,176614,0,395434,7097,26,4863,73571,2106,6156,727,214,0,822,456,5029,479,314,508,456,2001,1504,962,562,309,132,38,0,1,370,82,92,166,927
08/07/2021,230007,160655,0,390662,8868,10,5802,76479,2704,7544,1030,294,0,870,493,6533,682,367,503,493,2659,2012,1117,745,456,161,65,0,6,474,75,23,25,1645
09/07/2021,220652,129847,0,350499,9180,7,5713,79764,2343,7875,1016,289,0,1078,517,6471,637,420,658,517,2533,2062,1152,724,439,156,42,0,2,339,41,5,169,1462
10/07/2021,219736,116776,0,336512,9353,11,5910,83058,3016,7915,1101,337,0,910,485,6453,651,352,558,485,2656,1934,1114,749,437,164,50,0,12,359,73,13,80,2135
11/07/2021,194732,103435,0,298167,9105,18,5194,86785,2199,7557,1208,340,0,1136,556,6492,661,452,684,556,2461,2052,1223,756,441,172,48,0,4,496,54,1,15,1271
12/07/2021,271859,162538,0,434397,8574,40,5041,90142,1843,7155,1097,322,0,1148,580,5993,649,481,667,580,2427,1833,1043,690,458,135,56,0,3,356,52,7,138,931
13/07/2021,268485,171439,0,439924,11079,27,5990,95038,2700,9144,1470,465,0,1502,708,7622,759,624,878,708,2944,2390,1390,898,521,178,60,0,6,587,41,0,214,1375
14/07/2021,295244,164080,0,459324,11618,26,6377,100100,2304,9325,1771,522,0,1620,699,8196,782,755,865,699,3107,2559,1539,991,541,178,63,0,0,430,189,3,97,1070
15/07/2021,317737,161338,0,479075,13215,13,6095,107010,2828,10828,1876,511,0,1743,907,9270,796,748,995,907,3711,2762,1677,1120,542,187,67,0,1,654,67,54,195,1207
16/07/2021,283787,134240,0,418027,12541,16,6742,112595,2785,10135,1867,539,0,1467,715,9043,801,627,840,715,3689,2757,1588,1009,559,187,55,0,2,468,99,36,179,1518
17/07/2021,264696,132244,0,396940,12528,19,6629,118230,3206,10129,1917,482,0,1567,818,8698,818,674,893,818,3465,2670,1519,1044,540,195,83,0,0,425,100,41,268,1772
18/07/2021,252522,104151,0,356673,10710,12,5778,122926,2164,8631,1626,453,0,1367,639,7633,691,559,808,639,3047,2296,1403,887,483,157,51,0,0,375,69,34,358,1015
19/07/2021,288701,154593,0,443294,10972,48,6439,127236,2480,8628,1853,491,0,1417,700,7999,709,622,795,700,3169,2390,1492,948,465,172,72,4,0,416,55,22,247,1358
20/07/2021,208439,103487,0,311926,12366,8,7567,131757,2650,9649,2176,541,0,1564,802,8856,846,670,894,802,3458,2776,1564,1058,579,193,74,0,0,369,128,20,369,1062
21/07/2021,288980,170548,0,459528,11985,7,7902,135568,2149,9156,2247,582,0,1821,875,8059,910,743,1078,875,3168,2356,1438,1097,602,224,84,0,19,463,107,89,77,952
22/07/2021,343286,176870,0,520156,13034,25,8436,139900,2589,9649,2654,731,0,1775,864,9161,878,747,1028,864,3538,2743,1721,1159,589,216,73,0,2,611,72,52,191,1163
23/07/2021,314559,164611,0,479170,15573,32,10094,145090,2214,11444,3340,789,0,2028,1081,10948,1122,849,1179,1081,4326,3263,2039,1320,762,274,86,0,19,474,142,17,101,864
24/07/2021,295892,137647,0,433539,15902,26,9471,151222,2922,11668,3454,780,0,2007,962,11395,1257,807,1200,962,4504,3450,2004,1437,854,315,88,8,3,515,89,36,123,1298
25/07/2021,292405,125077,0,417482,17045,6,9683,158281,3134,12519,3616,910,0,2068,1045,12076,1074,860,1208,1045,4629,3715,2340,1392,747,255,72,0,3,711,87,28,114,1552
26/07/2021,342669,195690,0,538359,14516,3,9371,163157,2902,11040,2767,709,0,1948,932,9783,897,816,1132,932,3865,2909,1772,1237,597,232,68,0,7,559,57,19,29,1504
27/07/2021,366442,205940,0,572382,16117,26,11526,167472,2958,11658,3535,924,0,2152,1148,11432,1105,889,1263,1148,4411,3464,2168,1389,753,279,73,0,1,619,90,30,110,1350
28/07/2021,375335,207269,0,582604,17405,6,12373,172183,2951,12144,4156,1105,0,2402,1182,12025,1231,955,1447,1182,4598,3631,2224,1572,860,271,100,0,6,621,125,25,74,1580
29/07/2021,363011,218654,0,581665,17170,32,12930,176134,2423,11878,4185,1107,0,2383,1140,12206,1090,1025,1358,1140,4960,3556,2259,1431,743,261,86,0,2,567,77,19,266,968
30/07/2021,332936,203068,0,536004,16840,17,12179,180468,3075,11554,4163,1123,0,2262,1178,11664,1108,919,1343,1178,4596,3543,2137,1388,712,298,98,0,5,822,84,9,61,1569
31/07/2021,336507,207639,0,544146,17786,9,11718,186224,3046,12103,4437,1246,0,2646,1352,12260,1186,1042,1604,1352,4856,3690,2285,1429,781,292,113,0,49,825,64,8,84,1283
01/08/2021,310466,185624,0,496090,17150,1,11326,191722,3000,11258,4708,1184,0,2468,1274,11731,1258,981,1487,1274,4489,3610,2188,1444,845,296,117,0,2,626,140,13,24,1525
02/08/2021,236952,252223,0,489175,15764,6,11767,195344,2625,10316,4316,1132,0,2216,1130,10783,1072,871,1345,1130,4296,3295,1896,1296,723,256,93,0,18,559,58,45,106,1256
03/08/2021,254033,251037,0,505070,17105,37,12297,199812,2400,11011,4750,1344,0,2424,1239,11777,1192,986,1438,1239,4656,3392,2207,1522,781,299,112,0,20,556,81,20,44,906
04/08/2021,242889,273503,0,516392,19819,23,12704,206620,2953,12684,5582,1553,0,2737,1380,13795,1359,1142,1595,1380,5288,4312,2511,1684,941,296,122,0,23,748,36,29,74,1169
05/08/2021,236015,303003,0,539018,20596,34,13893,213010,3084,12266,6606,1724,0,2601,1388,14699,1350,1070,1531,1388,5690,4401,2829,1779,905,344,101,0,12,682,65,41,165,1346
06/08/2021,205416,265968,0,471384,20889,13,16394,217147,2657,12088,6954,1847,0,2716,1331,14859,1364,1095,1621,1331,5679,4600,2855,1725,919,333,112,0,16,492,64,22,92,1260
07/08/2021,205025,247306,0,452331,19257,16,16322,219748,2771,11164,6374,1719,0,2505,1383,13341,1433,1025,1480,1383,5074,4025,2601,1641,925,384,124,0,20,579,32,14,97,1080
08/08/2021,172305,239722,0,412027,18688,10,17055,221061,2585,10974,5981,1733,0,2505,1340,13078,1381,973,1532,1340,5128,3958,2412,1580,929,331,121,0,88,475,80,12,106,1172
09/08/2021,203472,284764,0,488236,17236,29,15187,222805,2392,10000,5577,1659,0,2300,1209,11882,1182,912,1388,1209,4568,3568,2262,1484,784,276,122,0,17,534,14,4,182,933
10/08/2021,177077,201781,0,378858,19991,0,16258,226130,2866,11446,6616,1929,0,2680,1456,13501,1458,1094,1586,1456,5230,3987,2572,1712,954,369,135,0,32,716,24,29,49,1236
11/08/2021,245104,274759,0,519863,20780,15,17973,228649,2659,12088,6606,2086,0,2889,1454,14537,1424,1113,1776,1454,5484,4454,2806,1793,948,363,113,0,33,654,69,8,17,1262
12/08/2021,218587,334035,0,552622,21668,58,17687,232336,2544,12213,7013,2442,0,2923,1507,15101,1524,1207,1716,1507,5951,4580,2727,1843,991,392,141,0,11,621,33,15,81,1120
13/08/2021,185985,311334,0,497319,21468,25,17025,236516,2692,11832,7220,2416,0,2674,1433,14673,1593,1020,1654,1433,5632,4431,2754,1856,1017,397,179,0,15,391,144,43,33,1230
14/08/2021,181561,289749,0,471310,20670,8,17655,239255,2402,11431,6838,2401,0,2734,1467,14295,1551,1101,1633,1467,5463,4314,2681,1837,1020,382,149,0,6,517,83,19,71,1150
15/08/2021,158648,281821,0,440469,20546,14,16945,242567,2600,11197,6855,2494,0,2963,1507,14238,1370,1138,1825,1507,5525,4319,2742,1652,912,334,124,0,9,555,48,28,259,1112
16/08/2021,191263,335340,0,526603,19740,19,17450,244566,3058,10591,6447,2702,0,2780,1372,13518,1357,1035,1745,1372,5247,4184,2452,1635,865,347,145,0,12,615,71,16,52,1571
17/08/2021,199395,350268,0,549663,19631,7,16467,247477,2265,10676,6212,2743,0,2816,1424,13425,1442,1113,1703,1424,5107,4208,2503,1607,925,373,144,0,13,561,55,2,175,1042
18/08/2021,207537,364889,0,572426,22242,4,19680,249761,2878,11861,7171,3210,0,2988,1624,15125,1584,1214,1774,1624,5694,4639,2918,1874,1034,404,146,0,24,556,61,4,80,1395
19/08/2021,197269,352111,0,549380,22948,9,21720,250732,2343,12459,7170,3319,0,3035,1665,16065,1647,1254,1781,1665,6342,4770,3014,1939,1050,457,140,0,27,481,44,10,136,1131
20/08/2021,173421,341637,0,515058,23564,23,21448,252615,3031,12110,7212,4242,0,3350,1820,16011,1692,1290,2060,1820,6234,4637,3074,2066,1074,459,159,0,6,764,31,33,38,1588
21/08/2021,175582,325958,0,501540,22262,40,18576,256053,2331,11441,6898,3923,0,3154,1685,14933,1714,1269,1885,1685,5866,4397,2816,1854,1078,470,166,0,21,601,61,12,183,1104
22/08/2021,151166,314595,0,465761,19807,5,18200,257357,2177,10488,5895,3424,0,2918,1565,13288,1508,1144,1774,1565,5188,4015,2449,1636,945,400,163,0,7,416,36,4,97,1033
23/08/2021,162684,256591,0,419275,17672,8,19053,255703,2010,9060,5207,3405,0,2603,1374,11768,1491,1041,1562,1374,4400,3461,2332,1575,927,397,167,0,6,588,93,5,73,904
24/08/2021,170279,276720,0,446999,20837,22,18613,257740,2514,10610,6282,3945,0,2956,1616,14024,1520,1123,1833,1616,5633,4140,2602,1649,972,421,127,0,10,457,29,2,76,1480
25/08/2021,176715,275398,0,452113,22642,5,20798,259349,2499,11193,6936,4513,0,3221,1767,15003,1791,1263,1958,1767,5756,4472,3020,1755,1117,475,199,0,11,424,68,3,186,1384
26/08/2021,172818,267197,0,440015,24599,8,22657,261021,3394,12369,7314,4916,0,3437,1722,16450,1872,1346,2091,1722,6374,4922,3132,2022,1144,536,191,0,24,542,93,35,73,1944
27/08/2021,159633,218261,0,377894,22070,15,21877,260978,2126,10540,6485,5045,0,2973,1649,15043,1739,1186,1787,1649,5759,4550,2963,1771,1149,443,147,0,2,474,17,3,150,1022
28/08/2021,163533,210590,0,374123,22597,12,19492,263845,2551,10426,6855,5316,0,3188,1717,14876,1835,1262,1926,1717,5583,4539,2941,1813,1177,479,179,0,6,467,84,7,92,1505
29/08/2021,154979,178066,0,333045,20579,7,20845,263334,2595,10015,5647,4917,0,3025,1638,13696,1560,1207,1818,1638,5614,3929,2446,1707,991,416,153,0,12,392,16,4,81,1458
30/08/2021,196385,195986,0,392371,19268,16,21257,261072,2097,9334,5283,4651,0,2928,1597,12579,1650,1169,1759,1597,4929,3708,2380,1562,1048,427,175,0,4,460,37,72,89,1034
31/08/2021,129367,158315,0,287682,20897,1,18465,263248,1454,9492,5832,5573,0,2947,1683,14057,1760,1188,1759,1683,5416,4150,2723,1768,1098,501,161,0,1,260,38,11,43,734
01/09/2021,201980,229355,3,431338,18762,5,21073,260669,2107,8302,4973,5487,0,2764,1491,12434,1658,1084,1680,1491,4651,3759,2375,1649,1044,451,163,0,3,515,42,16,23,1109
02/09/2021,197157,207698,9,404864,20988,1,23473,257957,2142,9560,5166,6262,0,3064,1796,13868,1891,1176,1888,1796,5337,4056,2699,1776,1201,506,184,0,5,351,112,52,81,1110
03/09/2021,157197,202320,0,359517,19378,14,22399,254719,2223,8602,4764,6012,0,2925,1549,12793,1689,1146,1779,1549,4704,3922,2511,1656,1042,449,198,0,5,562,64,12,102,1191
04/09/2021,148194,188203,6,336403,19057,10,21582,251966,1760,8314,4534,6209,0,2842,1668,12309,1801,1145,1697,1668,4404,3706,2516,1683,1116,475,210,0,4,250,8,100,54,886
05/09/2021,145838,171106,2,316946,20396,8,20573,251540,2347,8857,4667,6872,0,3037,1622,13561,1869,1222,1815,1622,5085,4101,2556,1819,1183,508,178,0,6,447,98,23,41,1385
06/09/2021,143389,200095,2,343486,17352,8,20201,248458,1758,7308,4075,5969,0,2654,1451,11349,1562,1099,1555,1451,4330,3461,2187,1371,993,427,142,0,0,204,63,23,71,1015
07/09/2021,144617,207540,3,352160,18547,18,18902,247875,2177,8146,4269,6132,0,2829,1559,12033,1717,1090,1739,1559,4513,3592,2298,1630,1092,462,163,0,0,592,66,19,74,1082
08/09/2021,138997,213262,5,352264,19733,3,22701,244660,2095,8197,4524,7012,0,2978,1593,13019,1856,1175,1803,1593,4981,3885,2512,1641,1131,545,180,0,1,466,48,58,85,1038
09/09/2021,145517,208026,2,353545,19307,6,24855,238900,1577,8023,4358,6926,0,2881,1597,12928,1704,1165,1716,1597,4988,3948,2393,1599,1067,459,178,0,0,332,0,74,39,918
10/09/2021,119956,197978,3,317937,21176,4,21476,238386,2162,8438,4778,7960,0,3345,1814,13607,1986,1362,1983,1814,4997,4141,2640,1829,1197,581,208,0,0,326,36,40,23,1446
11/09/2021,96587,189805,44,286436,19550,7,21771,235952,2144,8193,4064,7293,0,3009,1650,12772,1797,1171,1838,1650,4695,3888,2554,1635,1150,463,184,0,0,551,99,51,38,1052
12/09/2021,84457,166886,108,251451,19198,5,20980,233944,1916,7479,3852,7867,0,2991,1686,12366,1914,1153,1838,1686,4796,3540,2336,1694,1231,509,174,0,2,544,12,9,69,947
13/09/2021,78543,173322,2,251867,16073,21,24813,225023,1547,6306,3365,6402,0,2498,1391,10332,1562,992,1506,1391,3967,3070,1977,1318,965,425,172,0,20,427,42,11,32,674
14/09/2021,78335,189625,3,267963,15669,17,18053,222445,1041,5995,3515,6159,0,2541,1318,10104,1476,1022,1519,1318,3693,3044,1931,1436,906,409,161,0,6,360,35,5,20,498
15/09/2021,74673,199408,4,274085,19495,11,18760,222969,1389,7519,3519,8457,0,3201,1712,12409,1952,1280,1921,1712,4502,3796,2412,1699,1216,544,192,0,16,485,91,39,15,556
16/09/2021,66376,154414,0,220790,18815,7,16939,224663,1627,7036,3823,7956,0,3036,1528,12191,1792,1213,1823,1528,4430,3795,2338,1628,1132,484,176,0,4,456,47,45,54,775
17/09/2021,81187,182280,6,263473,17577,3,22970,219080,1742,6508,3811,7258,0,2590,1417,11621,1668,1027,1563,1417,4322,3525,2243,1531,1037,450,181,0,3,432,31,13,20,1055
18/09/2021,79058,176237,1,255296,15549,5,17205,217257,1251,5579,3268,6702,0,2429,1321,9981,1595,954,1475,1321,3678,2992,1914,1397,952,462,181,0,1,331,48,23,22,693
19/09/2021,66619,172409,0,239028,14954,11,23469,208583,1216,5561,2926,6467,0,2353,1233,9644,1467,945,1408,1233,3501,2938,1846,1359,898,428,141,0,8,196,39,3,72,720
20/09/2021,101511,211252,0,312763,14345,43,16814,205967,1157,5156,2655,6534,0,2321,1244,9073,1500,882,1439,1244,3360,2724,1715,1274,928,424,148,24,4,447,7,1,10,523
21/09/2021,127590,148399,1,275990,15759,27,16650,204924,1223,5521,2857,7381,0,2451,1399,10017,1611,935,1516,1399,3687,3051,1843,1436,968,461,182,0,3,301,45,15,2,622
22/09/2021,126867,214704,3,341574,14990,5,19702,200068,991,5295,2824,6871,0,2471,1264,9538,1523,994,1477,1264,3462,2884,1892,1300,968,405,150,0,8,210,35,49,17,595
23/09/2021,139214,208842,2,348058,13754,4,16628,197046,1111,5123,2240,6391,0,2354,1098,8850,1371,902,1452,1098,3120,2672,1763,1295,852,383,136,0,1,303,20,7,6,658
24/09/2021,123565,168847,2,292414,14554,9,16751,194703,1079,5049,2268,7237,0,2334,1278,9269,1528,918,1416,1278,3260,2784,1884,1341,966,427,135,0,0,405,45,34,4,582
25/09/2021,120174,158303,1,278478,13899,6,18074,190369,898,5016,1962,6921,0,2276,1176,8648,1546,904,1372,1176,3145,2658,1635,1210,901,481,164,0,3,284,72,23,24,470
26/09/2021,121146,162493,7,283646,13104,8,20971,182375,825,4413,2034,6657,0,2128,1140,8275,1398,907,1221,1140,3074,2496,1502,1203,856,404,138,0,0,222,6,51,5,541
27/09/2021,176192,162028,5,338225,10959,12,16430,176775,797,3711,1527,5721,0,1761,947,6804,1356,744,1017,947,2405,2065,1340,994,830,348,178,0,0,256,66,30,15,430
28/09/2021,173929,170567,9,344505,11332,23,14160,173842,715,3804,1631,5897,0,1870,995,7107,1279,739,1131,995,2532,2180,1379,1016,786,355,138,0,3,298,0,3,56,355
29/09/2021,197264,158671,5,355940,12434,8,17000,169152,710,3977,1661,6796,0,1896,959,7983,1448,796,1100,959,2859,2444,1490,1190,877,420,151,0,0,328,18,7,13,344
30/09/2021,171563,172299,13,343875,12735,17,17725,164032,764,4143,1695,6897,0,2155,1134,7954,1330,860,1295,1134,2809,2429,1521,1195,816,389,125,0,0,294,24,11,3,432
01/10/2021,105823,143493,22,249338,11889,14,15891,159932,868,3750,1504,6634,1,1985,982,7492,1293,832,1153,982,2632,2254,1443,1163,784,385,124,0,6,439,22,8,0,393
02/10/2021,92861,131202,4,224067,10915,7,15396,155320,656,3656,1328,5931,0,1869,941,6802,1200,716,1153,941,2386,2062,1330,1024,728,348,124,0,0,194,79,1,2,380
03/10/2021,99535,118927,5,218467,9066,12,14454,149828,388,2915,1135,5016,0,1624,832,5381,1062,659,965,832,1926,1566,1039,850,666,272,124,0,1,224,17,1,5,140
04/10/2021,130148,106680,122,236950,8075,6,15456,142355,731,2645,1090,4340,0,1315,636,5063,979,517,798,636,1845,1493,945,780,594,291,94,0,5,73,25,8,7,613
05/10/2021,126060,108848,106,235014,8817,14,15615,135460,619,2578,1078,5161,0,1344,681,5631,1047,544,800,681,2012,1694,1068,857,633,300,114,0,0,199,30,10,3,377
06/10/2021,115696,104042,38,219776,9380,13,13045,131702,426,2922,1052,5406,0,1596,761,5888,1064,661,935,761,2093,1773,1102,920,630,324,110,0,2,147,35,6,2,234
07/10/2021,110150,95170,67,205387,9890,18,12884,128614,697,3031,1147,5712,0,1665,773,6175,1215,666,999,773,2145,1887,1224,919,691,361,163,0,0,240,111,41,5,300
08/10/2021,76001,108194,609,184804,9751,15,12724,125552,382,2942,1047,5762,0,1669,762,6038,1181,630,1039,762,2048,1960,1115,915,729,338,114,0,0,157,17,16,8,184
09/10/2021,41114,110785,22,151921,8743,14,14422,119799,621,2603,950,5190,0,1603,720,5276,1075,638,965,720,1858,1641,965,812,597,336,142,0,0,271,105,42,0,203
10/10/2021,33104,104241,2,137347,7373,2,10959,116130,334,2126,773,4473,1,1346,542,4511,929,551,795,542,1546,1389,851,725,555,256,118,0,1,142,48,15,3,125
11/10/2021,54205,142362,41,196608,6709,6,10833,111925,282,1952,670,4086,1,1180,493,4087,912,467,713,493,1314,1273,839,661,523,284,105,0,5,137,28,7,0,105
12/10/2021,57418,160102,193,217713,7276,10,10555,108550,379,2039,769,4467,1,1192,579,4507,908,507,685,579,1546,1383,909,669,523,278,107,0,10,140,20,64,0,145
13/10/2021,53271,162545,2215,218031,7950,29,10832,105588,500,2173,780,4997,0,1277,495,5006,1026,555,722,495,1730,1551,982,743,580,289,157,0,24,95,78,66,44,193
14/10/2021,42349,171198,3312,216859,8084,21,12456,101151,352,2328,706,5050,0,1414,545,5019,1047,536,878,545,1746,1497,1031,745,644,274,129,0,10,78,75,34,0,155
15/10/2021,37167,138389,10397,185953,7420,17,10145,98350,416,2181,586,4653,0,1342,423,4664,944,553,789,423,1560,1588,849,667,566,286,92,0,0,86,18,27,6,279
16/10/2021,16424,118186,3615,138225,7509,16,9531,96256,327,2152,582,4775,0,1244,468,4799,876,526,718,468,1684,1492,930,693,516,241,119,0,0,64,40,67,3,153
17/10/2021,17014,122948,2721,142683,6145,12,9231,93098,402,1795,504,3846,0,1117,365,3836,773,459,658,365,1302,1197,734,603,484,200,89,0,0,140,12,14,5,231
18/10/2021,32952,174889,9232,217073,5434,5,8435,90028,356,1444,440,3550,0,892,317,3497,700,388,504,317,1164,1131,675,527,422,194,84,0,14,45,24,34,0,239
19/10/2021,15193,123467,1402,140062,5745,12,8933,86756,219,1621,405,3719,0,947,305,3725,711,390,557,305,1243,1174,717,591,414,210,87,0,3,32,4,32,0,148
20/10/2021,30977,220767,17329,269073,5516,14,9401,82807,206,1396,370,3748,2,884,271,3590,741,386,498,271,1182,1133,711,564,447,218,76,0,0,34,19,10,0,143
21/10/2021,32546,194508,20573,247627,6210,42,7562,81395,303,1646,433,4124,7,1071,339,3949,826,438,633,339,1273,1270,809,597,527,205,94,0,6,66,19,19,0,193
22/10/2021,28002,120100,18906,167008,6630,15,7630,80324,250,1769,427,4428,6,1167,303,4252,851,476,691,303,1389,1377,829,657,522,238,91,0,9,100,4,31,0,106
23/10/2021,11959,100785,8560,121304,5828,7,9178,76911,256,1611,370,3839,8,1042,286,3711,740,428,614,286,1163,1230,765,553,451,218,71,0,6,68,12,8,0,162
24/10/2021,11423,112180,8777,132380,5666,20,6978,75541,148,1595,337,3718,16,1072,293,3543,733,446,626,293,1136,1181,681,545,437,217,79,0,7,37,10,3,0,91
25/10/2021,23997,146822,22460,193279,4782,15,7414,72839,109,1328,257,3188,9,928,227,2944,651,370,558,227,957,946,574,467,407,195,49,0,5,12,5,21,0,66
26/10/2021,25139,141871,22974,189984,5726,15,5607,72903,210,1466,301,3951,8,996,263,3656,741,414,582,263,1198,1187,677,594,457,196,88,0,0,15,1,25,0,169
27/10/2021,19698,128562,28484,176744,6148,21,7595,71390,200,1619,310,4201,18,1082,271,3940,809,459,623,271,1266,1312,787,575,499,222,88,0,5,30,3,14,0,148
28/10/2021,19853,120890,53144,193887,6377,32,6637,71075,231,1753,277,4328,19,1138,289,4081,828,456,682,289,1438,1282,768,593,480,248,100,0,2,27,26,35,1,140
29/10/2021,15599,84512,45795,145906,6060,13,7297,69779,200,1550,263,4220,27,1071,263,3905,757,425,646,263,1311,1231,774,589,458,223,76,0,3,32,18,60,0,87
30/10/2021,7184,51942,21212,80338,5854,13,6715,68860,274,1588,279,3973,14,1023,266,3779,744,416,607,266,1255,1211,749,564,449,229,66,0,0,40,10,50,0,174
31/10/2021,6545,44063,16961,67569,4979,23,6127,67675,121,1267,180,3509,23,855,194,3241,685,364,491,194,1038,1037,639,527,419,194,72,0,0,12,3,37,0,69
01/11/2021,9714,58420,44701,112835,4626,6,5299,66945,144,1189,159,3253,25,818,151,2976,646,306,512,151,988,943,607,438,384,179,83,0,0,12,26,28,0,78
02/11/2021,9671,59147,57864,126682,5071,15,5372,66596,146,1316,182,3537,36,829,175,3291,715,351,478,175,1110,1069,589,523,439,204,72,0,0,15,3,7,0,121
03/11/2021,8667,45166,65634,119467,5291,7,4947,66885,149,1365,176,3712,38,884,199,3513,643,347,537,199,1188,1146,656,523,426,150,67,0,4,39,2,8,4,92
04/11/2021,3120,19682,21458,44260,5713,32,5865,66682,162,1451,155,4054,53,1004,191,3734,734,389,615,191,1187,1258,724,565,432,216,86,0,0,19,18,18,2,105
05/11/2021,5890,31993,48478,86361,4922,10,5579,65967,154,1199,117,3561,45,824,173,3215,677,342,482,173,1087,1014,633,481,421,191,65,0,0,60,0,35,0,59
06/11/2021,5014,14059,25870,44943,4701,28,5382,65244,112,1242,117,3274,68,847,164,2999,686,352,495,164,983,977,588,451,414,204,68,0,0,0,21,9,0,82
07/11/2021,3735,14835,22722,41292,4343,9,5190,64338,124,1135,76,3072,60,711,150,2820,604,289,422,150,950,891,519,460,392,166,46,0,0,29,0,5,0,90
08/11/2021,6678,45850,60347,112875,4543,15,7348,61480,80,1141,90,3266,46,762,150,2924,667,312,450,150,936,971,565,452,428,185,54,0,1,1,3,10,2,63
09/11/2021,8349,31907,79326,119582,5403,25,5311,61520,134,1448,122,3771,62,948,208,3540,657,366,582,208,1181,1130,665,564,398,180,79,0,0,8,5,46,0,75
10/11/2021,8222,40068,87723,136013,6243,24,5068,62655,247,1481,147,4532,83,1015,207,4208,812,395,620,207,1332,1451,833,592,528,215,69,0,0,2,19,55,2,169
11/11/2021,9008,45315,94953,149276,6323,25,5337,63592,135,1599,124,4532,68,1099,245,4147,770,409,690,245,1329,1359,839,620,492,204,74,0,0,6,24,24,0,81
12/11/2021,7745,35081,76215,119041,6517,16,6026,64035,240,1566,105,4780,66,1093,246,4288,823,404,689,246,1427,1410,815,636,511,235,77,0,0,26,13,69,0,132
13/11/2021,3712,16675,39129,59516,5809,27,4712,65088,118,1410,94,4222,83,951,178,3839,810,378,573,178,1228,1237,788,586,525,215,70,0,0,2,29,28,0,59
14/11/2021,3583,11583,31547,46713,5162,11,5019,65193,106,1251,82,3770,59,904,181,3256,783,362,542,181,1030,1067,662,497,482,229,72,0,0,3,28,5,0,70
15/11/2021,6263,27730,72471,106464,5143,13,4551,65741,151,1270,65,3744,64,863,195,3381,677,340,523,195,1210,1029,624,518,431,175,71,0,0,0,2,93,5,51
16/11/2021,6951,26907,91242,125100,5413,17,6013,65095,198,1334,85,3893,101,939,220,3508,699,363,576,220,1134,1069,696,609,445,181,73,0,0,39,5,16,0,138
17/11/2021,6482,21540,94525,122547,6288,22,4743,66579,139,1459,73,4671,85,1049,225,4185,787,396,653,225,1349,1347,781,708,498,221,68,0,0,34,0,15,0,113
18/11/2021,7393,21812,99248,128453,6380,28,5760,67164,247,1535,71,4650,124,1054,241,4253,832,407,647,241,1367,1360,861,665,496,259,77,0,0,27,41,68,0,111
19/11/2021,6887,17997,84235,109119,6355,31,5031,68443,168,1644,74,4515,122,1171,228,4193,728,468,703,228,1397,1282,863,651,479,197,52,0,0,18,7,40,0,103
20/11/2021,3191,6681,38508,48380,5859,19,4970,69294,156,1479,69,4187,124,1011,251,3846,730,378,633,251,1198,1225,795,628,458,210,62,0,0,21,0,34,0,101
21/11/2021,2768,5281,31129,39178,4854,12,5525,68577,114,1143,53,3569,89,779,189,3260,604,314,465,189,1063,1065,621,511,378,158,68,0,0,14,4,8,5,83
22/11/2021,5287,12505,95111,112903,4885,18,5628,67793,228,1165,49,3578,93,806,200,3205,661,306,500,200,1048,1021,620,516,385,200,76,0,0,14,2,42,3,167
23/11/2021,5523,11142,123268,139933,5594,24,4908,68430,212,1364,75,4049,106,928,212,3760,677,339,589,212,1191,1154,779,636,435,193,49,0,23,4,6,88,0,91
24/11/2021,5433,9105,128595,143133,5755,23,5082,69060,175,1422,73,4114,146,950,227,3798,745,350,600,227,1245,1188,808,557,468,194,83,0,3,16,3,36,0,117
25/11/2021,6036,6409,131315,143760,6144,12,6602,68552,205,1489,60,4470,125,1028,245,4033,817,394,634,245,1338,1253,801,641,514,229,74,0,15,22,16,28,0,124
26/11/2021,5089,7068,104506,116663,5501,25,6664,67346,123,1319,56,4015,111,906,196,3722,661,342,564,196,1203,1175,764,580,420,185,56,0,11,8,5,52,0,47
27/11/2021,2604,5626,48567,56797,5097,17,5352,67045,165,1238,53,3696,110,817,212,3409,631,315,502,212,1064,1093,684,568,399,174,58,0,6,8,45,40,30,36
28/11/2021,2153,3831,37848,43832,4239,12,5007,66239,88,1033,32,3082,92,722,155,2818,524,272,450,155,932,840,564,482,334,143,47,0,4,6,2,30,0,46
29/11/2021,4666,7229,100212,112107,4087,21,4984,65301,182,1031,36,2936,84,692,202,2626,546,271,421,202,878,776,551,421,331,163,52,0,0,23,6,109,0,44
30/11/2021,4812,9176,125220,139208,4879,24,5168,64978,97,1125,55,3595,104,787,209,3290,583,308,479,209,1072,974,708,536,358,165,60,0,25,0,28,33,0,31
01/12/2021,4847,8647,133464,146958,5439,21,6803,63583,110,1363,53,3901,122,891,197,3668,645,338,553,197,1172,1183,767,546,387,197,61,0,25,0,8,33,0,31
02/12/2021,5524,9463,139774,154761,5806,11,7246,62099,339,1325,40,4271,170,950,304,3875,643,344,606,304,1279,1207,779,610,410,174,59,0,14,2,13,148,52,110
03/12/2021,4507,7289,117757,129553,5551,23,5301,62303,179,1312,46,4046,147,916,304,3683,626,359,557,304,1270,1154,737,522,411,167,48,0,6,0,3,104,0,66
04/12/2021,3276,4839,63983,72098,4896,18,4676,62481,159,1143,56,3529,168,830,211,3298,537,330,500,211,1120,1030,648,500,327,158,52,0,3,1,22,52,0,81
05/12/2021,1745,3423,52174,57342,4298,23,4928,61813,136,1016,38,3094,150,734,184,2866,509,281,453,184,1008,898,535,425,330,130,49,0,13,3,12,69,0,39
06/12/2021,4918,6998,90544,102460,4262,15,5894,60139,97,1036,38,3057,131,707,185,2804,542,289,418,185,952,867,560,425,352,141,49,0,10,0,2,30,0,55
07/12/2021,4782,7299,117442,129523,4965,29,4817,60251,138,1129,45,3644,147,763,229,3314,645,305,458,229,1111,1040,673,490,395,169,81,0,3,13,39,36,0,47
08/12/2021,4896,6953,118642,130491,5020,17,4525,60709,154,1162,41,3674,143,768,223,3434,575,301,467,223,1148,1042,712,532,378,154,43,0,2,3,0,32,1,116
09/12/2021,4957,8383,132748,146088,5446,20,5427,60700,367,1208,53,4033,152,840,282,3724,574,335,505,282,1300,1251,688,485,367,161,46,0,0,1,8,153,0,205
10/12/2021,3911,7492,116980,128383,5058,17,4997,60731,190,1227,42,3632,157,816,223,3410,581,311,505,223,1138,1139,671,462,356,163,62,0,3,1,12,52,0,122
11/12/2021,1440,2895,69577,73912,4626,20,4690,60642,105,1105,38,3339,144,757,192,3113,553,269,488,192,1079,1002,618,414,340,154,59,0,0,5,6,18,0,76
12/12/2021,1476,2537,65626,69639,3490,14,5399,58704,167,804,27,2530,129,522,143,2318,487,201,321,143,811,718,428,361,276,136,75,0,0,8,41,42,0,76
13/12/2021,4091,5562,124181,133834,3504,24,4401,57776,103,796,29,2571,108,551,154,2317,475,237,314,154,776,736,421,384,296,142,37,0,0,30,12,27,0,34
14/12/2021,4142,5631,156728,166501,4097,18,4301,57539,152,953,43,2963,138,633,159,2771,511,253,380,159,884,921,566,400,312,149,50,0,0,0,17,12,0,123
15/12/2021,4244,5822,164564,174630,3900,19,4552,56859,137,879,24,2853,144,562,139,2720,458,220,342,139,955,837,550,378,289,129,40,0,0,8,17,49,1,62
16/12/2021,4440,6621,166286,177347,4262,36,4985,56109,125,952,29,3110,171,624,142,2927,521,254,370,142,1011,949,572,395,343,132,46,2,0,15,1,19,0,88
17/12/2021,3086,5141,157071,165298,4362,28,5098,55329,208,964,47,3172,179,648,193,2976,490,266,382,193,1011,986,576,403,298,128,64,0,0,31,46,30,0,101
18/12/2021,1164,2345,70275,73784,4083,34,5435,53940,209,1019,23,2895,146,660,142,2757,503,271,389,142,963,882,526,386,327,134,42,0,0,12,21,4,0,172
19/12/2021,1331,2238,77434,81003,3108,37,3701,53313,88,692,22,2251,143,451,105,2152,390,182,269,105,746,696,437,273,249,119,22,0,0,18,0,22,0,48
20/12/2021,3382,4746,141444,149572,2589,46,3810,52051,34,651,21,1821,96,458,99,1659,370,196,262,99,555,555,314,235,251,85,34,2,0,10,0,5,2,15
21/12/2021,3300,4758,163860,171918,3140,58,4277,50885,47,740,25,2213,162,501,152,2054,391,183,318,152,702,662,406,284,252,106,33,0,0,1,1,25,0,20
22/12/2021,3292,5000,173254,181546,3519,100,5118,49267,79,822,28,2500,169,515,163,2369,444,212,303,163,802,774,442,351,265,149,30,6,0,4,46,9,0,14
23/12/2021,3615,5615,172655,181885,3510,95,4997,47750,59,753,17,2551,189,527,133,2387,443,235,292,133,824,739,480,344,282,113,48,5,2,20,15,2,1,14
24/12/2021,2260,4142,137819,144221,3528,103,4489,46763,94,771,26,2525,206,531,148,2409,420,210,321,148,854,772,440,343,267,111,42,0,0,35,6,8,0,45
25/12/2021,528,1428,24305,26261,3160,156,4420,45480,71,672,13,2263,212,447,135,2131,431,190,257,135,734,649,416,332,276,121,34,0,1,17,10,16,0,27
26/12/2021,874,1550,63272,65696,2778,129,3539,44702,58,638,12,1952,176,432,120,1855,370,180,252,120,620,578,364,293,219,114,37,0,3,1,0,4,0,50
27/12/2021,3342,5443,124048,132833,2757,147,4620,42811,88,589,15,1975,178,411,143,1854,343,148,263,143,627,597,327,303,214,103,26,5,0,14,9,5,0,55
28/12/2021,3483,5082,148835,157400,2897,192,3434,42243,51,603,15,2098,181,417,137,1957,352,167,250,137,674,611,379,293,226,85,41,2,0,22,3,6,0,18
29/12/2021,3439,5269,181385,190093,3683,239,4322,41576,104,730,19,2678,256,490,145,2530,499,192,298,145,880,815,458,377,329,124,46,9,1,3,0,5,0,86
30/12/2021,3483,5065,201680,210228,3997,366,3984,41562,87,882,19,2795,301,578,182,2674,546,222,356,182,925,834,492,423,353,153,40,0,1,9,13,2,0,62
31/12/2021,2767,4697,178007,185471,3573,343,3988,41130,141,738,19,2513,303,476,150,2495,424,175,301,150,842,817,457,379,275,113,36,3,2,9,1,4,29,93
01/01/2022,537,884,40835,42256,3386,346,3547,40943,211,771,16,2292,307,493,151,2296,405,195,298,151,779,734,462,321,263,108,34,8,2,9,5,4,70,113
02/01/2022,1363,1520,93724,96607,2882,333,3291,40516,103,585,17,2040,240,401,123,1980,372,144,257,123,666,643,374,297,243,97,32,2,1,2,2,16,53,27
03/01/2022,2874,4158,206728,213760,2690,300,3535,39651,55,540,20,1860,270,349,135,1816,376,151,198,135,618,550,341,307,244,100,32,15,0,1,2,9,0,28
04/01/2022,2941,4270,239074,246285,2842,332,2862,39615,33,674,14,1884,270,446,139,1875,368,154,292,139,625,555,377,318,222,109,37,4,2,1,1,16,0,9
05/01/2022,2844,4342,243112,250298,3270,252,3195,39664,61,707,14,2238,311,457,158,2197,445,174,283,158,723,726,404,344,273,137,35,6,0,2,26,4,0,23
06/01/2022,3001,4846,249904,257751,3543,364,3484,39707,111,778,19,2430,316,514,190,2387,443,197,317,190,823,765,434,365,296,114,33,21,0,2,6,7,7,68
07/01/2022,2789,3654,215107,221550,3381,319,3447,39628,72,744,18,2230,389,556,177,2249,383,213,343,177,761,705,447,336,245,96,42,5,0,23,3,4,0,37
08/01/2022,1269,1290,125082,127641,3251,299,3161,39700,103,711,18,2183,339,467,156,2200,407,160,307,156,751,738,376,335,257,120,30,6,0,10,0,10,0,77
09/01/2022,974,1644,109731,112349,2888,323,2714,39857,52,561,14,1968,345,430,160,1945,343,155,275,160,647,609,378,311,241,84,18,0,0,30,0,4,0,18
10/01/2022,2193,3480,221811,227484,2641,338,2808,39678,73,571,19,1756,295,419,160,1709,334,157,262,160,570,510,351,278,193,91,50,0,7,9,42,0,0,15
11/01/2022,2222,3328,252360,257910,3175,272,2977,39867,171,708,18,2109,340,503,231,2080,346,180,323,231,772,640,376,292,215,101,30,3,9,28,10,52,0,69
12/01/2022,2094,3436,255086,260616,3198,303,3200,39846,164,714,27,2096,361,492,168,2151,368,171,321,168,769,690,399,293,241,96,31,7,40,6,7,49,0,55
13/01/2022,2243,3640,265980,271863,3684,321,3292,40217,150,805,17,2474,388,598,211,2482,370,209,389,211,893,812,442,335,242,95,33,5,29,33,1,38,0,44
14/01/2022,1810,2353,235690,239853,3346,267,3052,40500,158,750,23,2220,353,478,209,2301,336,186,292,209,950,666,396,289,228,83,25,0,8,14,1,99,0,36
15/01/2022,1039,952,167942,169933,3074,319,2828,40730,134,670,11,2038,355,437,186,2112,311,164,273,186,809,644,353,306,217,74,20,23,6,8,6,69,0,22
16/01/2022,895,910,147589,149394,3010,263,2584,41142,292,634,14,2020,342,429,256,2048,260,162,267,256,854,612,316,266,165,71,24,0,20,18,40,183,0,31
17/01/2022,2010,3306,242250,247566,2342,180,2907,40564,199,487,14,1575,266,349,273,1473,239,118,231,273,574,440,265,194,155,66,18,20,0,4,11,151,0,13
18/01/2022,1082,1547,130521,133150,3245,274,3093,40704,388,636,15,2198,396,449,444,2033,312,159,290,444,816,604,324,289,202,86,24,0,22,7,17,297,0,45
19/01/2022,2042,4679,266828,273549,3229,239,2848,41074,457,642,18,2189,380,431,451,2095,243,167,264,451,840,621,337,297,158,64,21,0,1,0,1,415,0,40
20/01/2022,1823,3614,247594,253031,3764,522,3254,41568,514,740,26,2407,591,491,526,2388,343,178,313,526,903,683,447,355,220,91,32,0,2,1,14,378,2,117
21/01/2022,1568,2931,196756,201255,4046,489,2804,42800,672,709,28,2687,622,471,667,2525,354,175,296,667,1017,744,426,338,240,85,29,0,11,5,0,594,0,62
22/01/2022,1059,802,158346,160207,4116,498,2858,44050,441,757,27,2635,697,556,510,2695,335,181,375,510,1053,800,461,381,242,78,15,0,3,3,2,365,7,61
23/01/2022,827,1108,132066,134001,3856,492,2814,45078,532,755,18,2386,697,540,468,2500,332,158,382,468,1002,742,422,334,223,85,24,0,1,4,1,477,0,49
24/01/2022,1926,2966,202734,207626,3214,406,3116,45164,371,607,12,2016,579,403,462,2012,322,144,259,462,766,608,371,267,218,78,26,0,19,0,0,330,0,22
25/01/2022,2199,2893,213309,218401,4066,442,3559,45666,530,775,21,2506,764,547,588,2594,321,183,364,588,1001,766,486,341,229,75,17,0,4,3,0,452,0,71
26/01/2022,1714,2663,208633,213010,4744,429,3646,46752,632,941,27,2928,848,624,634,3160,302,178,446,634,1237,988,572,363,195,82,25,0,5,5,5,459,0,158
27/01/2022,1717,2883,204799,209399,5439,332,4409,47771,1014,976,34,3439,990,679,957,3450,331,223,456,957,1529,959,578,384,217,88,26,0,4,7,6,920,0,77
28/01/2022,1697,2762,178522,182981,5522,373,3285,49995,632,1171,22,3267,1062,810,592,3758,346,240,570,592,1689,1116,603,350,222,92,32,0,0,3,5,381,0,243
29/01/2022,765,1005,98768,100538,5139,226,3767,51358,474,1040,29,2993,1077,737,591,3434,342,213,524,591,1485,1054,545,350,233,81,28,0,0,0,2,342,3,127
30/01/2022,528,852,81445,82825,4915,188,3056,53209,530,1016,31,2799,1069,704,545,3306,344,226,478,545,1409,1034,527,336,244,76,24,0,0,7,14,382,17,110
31/01/2022,1008,1762,95852,98622,4774,152,3232,54743,483,1024,28,2609,1113,749,539,3134,327,213,536,539,1296,957,543,338,231,80,16,0,0,17,8,383,1,74
01/02/2022,221,352,28730,29303,5566,227,3187,57110,363,1155,20,3095,1296,824,530,3811,384,277,547,530,1632,1183,600,396,244,105,35,0,2,6,4,285,3,63
02/02/2022,277,502,29850,30629,5736,183,3196,59638,547,1168,24,3187,1357,801,497,4054,368,270,531,497,1717,1263,660,414,245,89,34,0,0,8,12,355,3,169
03/02/2022,2563,2830,98222,103615,5720,130,3968,61383,374,1120,35,3053,1512,847,488,3981,385,295,552,488,1614,1310,641,416,251,102,32,0,0,4,14,279,4,73
04/02/2022,2785,1915,87863,92563,7234,234,5254,63350,493,1388,35,3767,2044,973,581,5105,506,325,648,581,2106,1594,914,491,335,129,42,0,2,8,5,292,33,153
05/02/2022,16029,900,58393,75322,9117,134,6546,65910,358,1751,34,4508,2824,1306,712,6393,644,424,882,712,2632,2056,1058,647,421,178,45,0,0,38,10,235,2,73
06/02/2022,16579,849,53482,70910,10089,143,6460,69520,474,2022,32,4992,3043,1499,858,6938,778,533,966,858,2757,2276,1170,735,502,199,77,0,5,12,22,303,0,132
07/02/2022,9769,2454,111326,123549,11034,77,6036,74503,276,2139,43,5512,3340,1649,937,7591,852,573,1076,937,3091,2348,1287,865,545,222,85,0,1,15,4,161,1,94
08/02/2022,11263,1707,144687,157657,13944,153,5421,83006,347,2605,51,6789,4499,1968,1174,9578,1117,672,1296,1174,3930,2864,1691,1093,706,308,103,0,0,1,18,235,8,85
09/02/2022,14673,2303,153675,170651,17134,130,5681,94444,726,3222,65,8543,5304,2373,1581,11794,1329,829,1544,1581,4835,3571,2068,1320,849,360,120,0,0,36,35,524,1,130
10/02/2022,18975,2045,157246,178266,19090,134,5712,107798,413,3644,74,9218,6154,2687,1541,13392,1417,907,1780,1541,5412,4107,2290,1583,925,371,121,0,0,0,42,190,13,168
11/02/2022,21489,1820,141535,164844,20939,121,5807,122903,740,3865,104,10121,6849,2942,1836,14686,1455,978,1964,1836,6192,4291,2548,1655,949,386,120,0,6,10,22,449,15,238
12/02/2022,40418,881,106210,147509,22802,94,5442,140234,658,4088,85,10832,7797,3027,1797,16321,1640,1076,1951,1797,6652,5108,2765,1796,1102,400,138,0,0,4,175,279,53,147
13/02/2022,36026,852,84308,121186,21072,65,5724,155546,407,3827,92,9774,7379,2802,1608,15081,1526,980,1822,1608,6150,4550,2652,1729,1018,391,117,0,1,1,24,338,0,43
14/02/2022,39768,1770,111798,153336,21315,81,8517,168307,610,3802,95,10396,7022,2759,1594,15373,1557,990,1769,1594,6286,4647,2723,1717,1030,382,145,0,0,0,10,426,1,173
15/02/2022,43438,1989,112809,158236,22133,80,7584,182822,448,4006,100,10392,7635,3020,1611,15673,1731,1048,1972,1611,6095,4802,2930,1846,1126,452,153,0,0,0,16,372,3,57
16/02/2022,46285,1909,119958,168152,27831,118,7912,202698,1019,5102,159,12937,9633,3812,2177,19788,1984,1266,2546,2177,7874,6016,3622,2276,1273,542,169,7,0,0,8,724,141,139
17/02/2022,55287,1852,120316,177455,26701,132,11744,217612,757,5002,166,12307,9226,3736,2019,19004,1867,1253,2483,2019,7430,5825,3462,2287,1207,484,176,0,0,8,24,572,4,149
18/02/2022,44806,1787,116203,162796,27808,119,12488,232877,726,5016,223,12593,9976,3815,2143,19726,2069,1328,2487,2143,7666,6059,3653,2348,1370,542,157,0,0,0,28,625,8,65
19/02/2022,74231,754,79457,154442,28825,91,18514,243143,536,5106,208,12805,10706,3912,2068,20581,2170,1407,2505,2068,8050,6387,3771,2373,1412,567,191,0,0,0,12,433,36,55
20/02/2022,62057,571,68022,130650,26832,68,18459,251468,595,4706,229,11778,10119,3637,1828,19331,1972,1296,2341,1828,7593,5998,3497,2243,1223,554,195,0,0,0,26,449,17,103
21/02/2022,53941,1212,86056,141209,25099,85,17749,258774,275,4403,202,10944,9550,3375,1676,18041,1964,1210,2165,1676,6798,5647,3389,2207,1242,535,187,0,0,0,3,233,1,38
22/02/2022,53394,754,97925,152073,27179,120,19037,266860,428,4838,266,11747,10328,3783,1765,19424,2125,1350,2433,1765,7402,6073,3634,2315,1373,568,184,0,0,0,13,337,2,76
23/02/2022,49562,655,97117,147334,31199,119,20399,277605,629,5641,370,12925,12263,4389,2067,21944,2554,1595,2794,2067,8591,6838,3926,2589,1549,739,266,0,0,0,13,504,38,72
24/02/2022,49040,1135,90676,140851,32070,209,23332,286282,543,5117,391,13062,13500,4013,1911,23538,2553,1557,2456,1911,8445,7674,4581,2838,1692,620,241,0,0,21,96,317,9,100
25/02/2022,45769,1167,88585,135521,30644,257,22678,294196,525,5221,374,12258,12791,3934,1629,22540,2491,1552,2382,1629,8667,6968,4242,2663,1634,652,205,0,0,0,45,141,97,242
26/02/2022,56276,932,64602,121810,27299,256,22710,298721,372,4610,415,10486,11788,3548,1462,19914,2296,1455,2093,1462,7455,6325,3808,2326,1428,646,222,0,0,20,40,246,22,44
27/02/2022,42825,852,59966,103643,24466,246,22380,300742,270,4182,323,9215,10746,3232,1250,17716,2157,1345,1887,1250,6683,5575,3296,2162,1363,585,209,0,0,0,4,81,0,185
28/02/2022,35274,1483,82665,119422,23100,298,30624,293156,154,3698,415,8518,10469,2897,1188,16748,2178,1230,1667,1188,6042,5454,3191,2061,1321,636,221,0,0,11,5,66,4,68
01/03/2022,27263,1448,75634,104345,25854,448,25548,293384,484,4074,378,9407,11995,3205,1291,18785,2480,1350,1855,1291,7065,5942,3460,2318,1602,645,233,0,0,0,52,191,6,235
02/03/2022,27738,1592,71389,100719,27500,428,27557,293249,362,4417,485,9698,12900,3530,1300,19879,2688,1619,1911,1300,7385,6267,3767,2460,1690,748,250,0,0,0,54,106,19,183
03/03/2022,24414,1648,73042,99104,32467,413,27629,298008,472,4988,588,11491,15400,4139,1586,23662,2945,1833,2306,1586,9003,7569,4253,2837,1884,775,286,0,0,8,40,256,34,134
04/03/2022,23712,1785,58565,84062,33209,441,26352,304788,472,5184,618,10982,16425,4165,1517,24396,3044,1880,2285,1517,8977,7911,4498,3010,1865,863,316,0,0,6,27,264,20,155
05/03/2022,30983,1249,38332,70564,33406,342,27143,310972,394,4923,620,10840,17023,4011,1508,24815,3072,1800,2211,1508,9184,8120,4610,2901,1942,807,323,0,0,9,75,127,72,111
06/03/2022,25000,1127,32576,58703,27435,254,30335,307995,216,4073,525,8667,14170,3330,1110,20164,2692,1573,1757,1110,7310,6649,3766,2439,1622,757,313,0,0,0,9,57,5,145
07/03/2022,16553,1977,47170,65700,26856,211,30726,304047,487,3832,557,8778,13689,3198,1188,19679,2680,1537,1661,1188,7235,6369,3731,2344,1590,792,298,0,0,3,3,369,8,104
08/03/2022,20035,2129,48606,70770,31490,473,29035,306427,498,4431,659,9764,16636,3721,1327,23306,3048,1773,1948,1327,8820,7477,4253,2756,1840,869,339,0,0,10,34,345,0,109
09/03/2022,19193,1968,43266,64427,30246,418,26653,309930,327,4277,641,9082,16246,3513,1244,22251,3161,1719,1794,1244,8097,7236,4142,2776,1921,917,323,0,0,6,15,185,42,79
10/03/2022,20589,1988,43814,66391,30787,608,26457,314174,282,4441,669,9092,16585,3715,1293,22491,3092,1815,1900,1293,8125,7332,4174,2860,1851,905,336,0,0,1,14,153,18,96
11/03/2022,24477,1999,33318,59794,32800,541,24444,322455,309,4774,775,9097,18154,4045,1276,23961,3348,1966,2079,1276,8768,7782,4329,3082,2060,927,361,0,0,3,42,97,58,109
12/03/2022,26589,1529,20669,48787,26250,545,25089,323503,269,3563,709,7131,14847,3078,984,19372,2814,1511,1567,984,6951,6227,3712,2482,1724,788,302,0,0,3,42,97,58,109
13/03/2022,23889,1599,20678,46166,22535,361,25356,320591,163,3217,506,6041,12771,2735,836,16449,2436,1426,1309,836,5952,5363,3028,2106,1448,700,288,0,0,7,40,8,61,153
14/03/2022,14991,2353,36263,53607,22030,394,33872,308660,180,3133,549,5798,12550,2653,744,16293,2311,1380,1273,744,5818,5165,3167,2143,1339,677,295,0,0,3,7,56,10,104
15/03/2022,18571,2021,38410,59002,26534,691,31234,303885,340,3804,675,6580,15475,3308,1039,19292,2746,1671,1637,1039,6936,6295,3590,2471,1679,767,300,0,0,3,7,56,10,104
16/03/2022,13545,2191,34091,49827,28298,697,33009,299096,235,4369,749,7161,16019,3394,1079,20743,2894,1627,1767,1079,7429,6789,3923,2602,1762,783,349,0,0,0,40,227,12,61
17/03/2022,14085,2382,31378,47845,27004,719,29450,296579,447,3804,756,6313,16131,3211,914,19763,2838,1600,1611,914,6934,6514,3811,2504,1719,774,345,0,0,3,131,80,107,126
18/03/2022,19413,1912,20996,42321,24241,521,26615,294140,174,3325,691,5884,14341,2930,903,17754,2517,1482,1448,903,6227,5828,3363,2336,1488,726,303,0,0,5,37,74,2,56
19/03/2022,16502,1378,18188,36068,22341,524,33347,283070,324,3191,684,4981,13485,2783,842,16138,2300,1379,1404,842,5683,5395,3052,2008,1409,616,275,0,0,3,72,68,9,172
20/03/2022,10781,1282,16843,28906,19105,386,28250,273858,96,2686,580,4211,11628,2468,689,13991,1948,1269,1199,689,4915,4565,2618,1893,1189,508,251,0,0,2,28,47,2,17
21/03/2022,5172,1888,22379,29439,17828,407,28003,263629,56,2667,556,4096,10509,2357,709,12703,1900,1143,1214,709,4424,4118,2466,1695,1114,541,245,0,0,0,13,24,0,19
22/03/2022,6717,1602,22005,30324,21483,394,32561,252485,173,2971,723,4612,13177,2743,780,15613,2135,1296,1447,780,5509,5134,2982,1988,1242,591,302,0,0,0,44,83,1,45
23/03/2022,6389,1612,20950,28951,22491,382,26234,248690,106,3162,727,4689,13913,2779,791,16423,2282,1368,1411,791,5266,5515,3459,2183,1325,652,305,0,0,0,44,83,1,45
24/03/2022,6974,1873,21295,30142,24316,297,25512,247444,173,3029,864,5144,15279,2893,1051,17734,2411,1280,1613,1051,6016,5899,3545,2274,1435,695,281,0,0,0,52,15,0,39
25/03/2022,13100,1561,19558,34219,21839,287,22324,246917,38,3007,869,4722,13241,2911,1023,15464,2080,1236,1675,1023,5349,5039,3061,2015,1237,587,256,0,0,0,61,17,0,95
26/03/2022,13810,1106,18088,33004,20923,228,25467,242327,39,3020,907,4147,12849,2970,923,14765,2082,1312,1658,923,4938,4911,2958,1958,1244,586,252,0,0,0,16,16,0,6
27/03/2022,6770,952,17343,25065,16863,238,26171,232969,30,2182,716,3383,10582,2403,757,12050,1647,1105,1298,757,4098,4035,2347,1570,992,461,194,0,0,0,7,18,0,14
28/03/2022,4811,1922,36825,43558,13336,189,25552,220703,51,2009,518,2502,8307,1851,496,9256,1465,861,990,496,3046,3064,1868,1278,839,438,188,0,0,0,11,19,0,21
29/03/2022,6272,1810,41932,50014,15215,250,24154,211731,47,2312,610,3071,9222,2171,642,10605,1545,970,1201,642,3545,3555,2125,1380,891,455,199,0,0,0,17,29,0,1
30/03/2022,5756,1626,46609,53991,15941,168,21186,206451,60,2300,692,3142,9807,2267,739,11186,1511,907,1360,739,3787,3797,2163,1439,939,405,167,0,0,0,45,12,0,3
31/03/2022,7784,2165,49717,59666,18560,187,18253,206718,7,2856,801,3418,11485,2760,773,13048,1598,1203,1557,773,4427,4486,2585,1550,940,456,202,0,0,0,45,12,0,3
01/04/2022,10983,2978,22693,36654,17476,164,17321,206833,78,2676,808,3179,10813,2617,802,12108,1530,1096,1521,802,4192,4140,2311,1465,894,440,196,0,0,0,21,6,0,51
02/04/2022,9582,6095,11963,27640,14692,218,20383,201118,36,2109,662,2657,9264,2065,671,10363,1304,867,1198,671,3491,3600,1998,1274,789,361,154,0,0,0,5,12,0,19
03/04/2022,2835,10845,4311,17991,12380,462,20635,192833,8,1883,562,2299,7636,1753,598,8596,1140,743,1010,598,2919,2921,1698,1058,692,310,138,0,0,0,0,6,0,2
04/04/2022,3343,9183,11446,23972,10002,98,23302,179502,2,1488,464,1972,6078,1460,502,6960,972,613,847,502,2363,2295,1401,901,573,279,120,0,0,0,0,2,0,0
05/04/2022,3417,9448,12173,25038,12017,59,20431,171062,15,1812,550,2165,7490,1776,530,8483,1014,788,988,530,2936,2934,1603,1010,604,291,119,0,0,0,1,14,0,0
06/04/2022,3682,12512,11567,27761,12105,43,21029,162115,20,1759,574,2282,7490,1760,595,8417,1084,709,1051,595,2719,2935,1737,1026,643,305,136,0,0,0,1,17,0,2
07/04/2022,4590,16158,11097,31845,11994,25,16603,157487,44,1791,588,2293,7322,1737,740,8323,1040,681,1056,740,2567,2937,1725,1094,587,294,159,0,0,1,10,2,0,31
08/04/2022,7302,21723,8738,37763,14944,104,14045,158373,7,1932,677,2725,9610,1924,850,10564,1251,758,1166,850,3471,3635,2160,1298,744,349,158,0,0,0,0,6,0,1
09/04/2022,7495,30369,6947,44811,10177,53,15132,153400,32,1695,470,1933,6079,1516,608,6983,909,614,902,608,2361,2407,1434,781,556,235,118,0,0,0,9,17,0,6
10/04/2022,4329,30289,6471,41089,8112,25,15765,145731,35,1185,410,1657,4860,1250,614,5499,746,493,757,614,1801,2001,1028,669,426,219,101,0,0,0,0,35,0,0
11/04/2022,4864,33886,10374,49124,7739,23,19049,134399,82,1182,339,1483,4735,1148,551,5287,751,484,664,551,1628,1900,1090,669,434,186,131,0,0,0,58,23,0,1
12/04/2022,4998,35076,8559,48633,9002,52,16986,126398,140,1204,379,1895,5524,1189,759,6213,826,499,690,759,2000,2226,1251,736,480,240,106,0,0,0,0,139,0,1
13/04/2022,6057,36782,7831,50670,10052,21,15893,120543,127,1325,539,2146,6042,1401,953,6865,825,534,867,953,2167,2412,1403,883,485,232,108,0,0,0,0,125,0,2
14/04/2022,9193,44564,8249,62006,10413,27,13202,117737,284,1742,500,2244,5927,1576,1116,6874,842,662,914,1116,2158,2581,1289,846,510,227,105,0,0,0,3,280,0,1
15/04/2022,12120,41812,5979,59911,9673,25,14267,113125,405,1259,502,2376,5536,1345,1227,6303,794,533,812,1227,2043,2210,1267,783,479,206,109,0,0,0,11,394,0,0
16/04/2022,15611,63869,4555,84035,9705,30,14346,108474,507,1421,413,2171,5700,1214,1257,6258,777,510,704,1257,2085,2098,1311,764,476,200,101,0,0,0,0,498,0,9
17/04/2022,11791,47881,3642,63314,6623,13,11233,103857,205,796,305,1511,4011,815,708,4385,637,317,498,708,1489,1510,879,507,343,191,103,0,0,0,0,205,0,0
18/04/2022,9560,43042,6376,58978,7140,264,14423,96561,80,951,349,1559,4281,851,648,4801,704,322,529,648,1608,1614,978,601,414,206,84,0,0,0,0,80,0,0
19/04/2022,8150,37283,4859,50292,6069,110,10619,92004,465,676,325,1654,3414,694,982,3760,551,226,468,982,1235,1304,796,425,326,161,64,0,0,0,0,465,0,0
20/04/2022,11653,47014,5652,64319,6968,32,8267,90696,322,815,345,1816,3992,883,978,4504,601,324,559,978,1520,1544,925,515,363,170,68,0,0,0,0,322,0,0
21/04/2022,14518,43554,7056,65128,5899,16,8434,88150,129,749,283,1301,3566,773,650,3869,506,302,471,650,1311,1252,833,473,298,136,72,0,0,0,0,129,0,0
22/04/2022,16915,46635,4954,68504,6342,20,9111,85373,135,709,309,1510,3814,752,714,4238,534,262,490,714,1398,1462,839,539,298,169,67,0,0,0,10,125,0,0
23/04/2022,18132,58060,3304,79496,5624,17,10041,80949,53,680,313,1229,3402,762,563,3778,466,257,505,563,1231,1316,775,456,257,156,53,0,0,0,0,53,0,0
24/04/2022,12172,40979,2897,56048,4006,7,10223,74725,29,461,193,887,2465,500,415,2735,355,185,315,415,846,953,601,335,232,93,30,0,0,0,0,29,0,0
25/04/2022,7940,28661,4625,41226,2478,7,9215,67983,70,326,109,521,1522,294,258,1650,276,116,178,258,514,573,361,202,158,75,43,0,0,0,24,46,0,0
26/04/2022,7179,24491,4825,36495,3361,6,9484,61852,75,413,159,775,2014,421,400,2192,305,170,251,400,730,739,464,259,185,84,36,0,0,0,0,75,0,0
27/04/2022,8215,24400,4409,37024,3471,10,6900,58415,63,417,155,796,2103,426,391,2288,330,169,257,391,750,764,499,275,201,88,41,0,0,0,6,57,0,0
28/04/2022,8302,21739,4351,34392,2935,9,7585,53756,24,291,100,637,1907,275,274,2125,259,107,168,274,729,711,442,243,165,55,39,0,0,0,0,24,0,0
29/04/2022,10926,27195,3097,41218,2579,6,6055,50276,10,263,83,517,1716,231,184,1903,260,107,124,184,633,602,408,260,142,70,48,0,0,0,0,10,0,0
30/04/2022,7189,28145,1994,37328,2107,16,6890,45489,27,234,74,438,1361,213,179,1508,207,96,117,179,472,507,338,191,120,58,29,0,0,0,26,1,0,0
01/05/2022,1869,10410,539,12818,1503,6,5839,41145,1,178,33,307,985,127,111,1086,160,72,55,111,395,310,250,131,76,56,28,0,0,0,0,1,0,0
02/05/2022,285,1699,344,2328,1352,4,6074,36420,0,169,30,231,922,114,77,1009,151,50,64,77,290,357,227,135,87,43,21,0,0,0,0,0,0,0
03/05/2022,206,1148,241,1595,922,1,5520,31819,0,98,39,170,615,103,74,619,126,39,64,74,252,213,93,61,79,35,12,0,0,0,0,0,0,0
04/05/2022,387,1565,455,2407,1054,1,4107,28760,0,163,100,193,598,221,68,558,207,67,154,68,171,187,114,86,118,69,20,0,0,0,0,0,0,0
05/05/2022,1991,8229,1669,11889,1278,3,2599,27435,0,163,67,201,847,163,71,894,150,53,110,71,259,313,216,106,85,46,19,0,0,0,0,0,0,0
06/05/2022,4412,14474,1548,20434,1251,9,3181,25504,0,159,23,206,863,113,58,941,137,64,49,58,318,301,206,116,66,50,21,0,0,0,0,0,0,0
07/05/2022,4958,18441,1293,24692,1372,5,3610,23263,0,158,31,268,915,136,72,1004,160,60,76,72,322,311,247,124,82,47,31,0,0,0,0,0,0,0
08/05/2022,7961,20535,1458,29954,2153,2,2869,22543,0,226,49,353,1525,216,109,1614,208,98,118,109,578,478,346,212,129,54,25,0,0,0,0,0,0,0
09/05/2022,8621,17923,2855,29399,2246,5,2433,22350,0,203,36,431,1576,191,133,1708,214,89,102,133,609,502,387,210,115,76,23,0,0,0,0,0,0,0
10/05/2022,10102,17263,3427,30792,2605,4,2014,22936,0,290,60,519,1736,256,189,1912,248,136,120,189,654,595,420,243,125,84,39,0,0,0,0,0,0,0
11/05/2022,12828,16437,3508,32773,3321,10,1416,24835,6,307,95,724,2195,343,259,2421,285,138,205,259,814,783,541,283,161,85,39,0,0,0,0,0,6,0
12/05/2022,17623,19092,4242,40957,3410,5,1430,26809,0,317,62,669,2362,314,222,2550,303,135,179,222,881,793,567,309,164,96,43,0,0,0,0,0,0,0
13/05/2022,22714,29423,2976,55113,3029,0,1116,28718,0,251,66,634,2078,265,249,2251,263,102,163,249,774,733,482,262,141,81,41,0,0,0,0,0,0,0
14/05/2022,17518,27203,2272,46993,2373,3,1340,29748,0,205,52,482,1634,213,167,1784,208,78,135,167,685,549,368,182,124,58,26,0,0,0,0,0,0,0
15/05/2022,9880,14268,1287,25435,2239,3,1263,30719,0,231,38,468,1502,227,158,1661,193,105,122,158,590,546,364,161,110,55,28,0,0,0,0,0,0,0
16/05/2022,2765,5584,1805,10154,1697,0,1548,30864,0,198,29,320,1150,156,117,1237,178,77,79,117,423,430,252,132,97,49,32,0,0,0,0,0,0,0
17/05/2022,3382,9516,2739,15637,1469,3,1836,30496,0,170,23,304,972,167,103,1047,152,81,86,103,351,331,239,126,83,48,21,0,0,0,0,0,0,0
18/05/2022,3377,7117,2524,13018,2017,4,2548,29960,0,170,35,419,1393,148,168,1521,180,62,86,168,533,458,329,201,99,51,30,0,0,0,0,0,0,0
19/05/2022,4563,8198,3175,15936,2124,1,2303,29777,0,216,31,439,1438,177,168,1590,189,79,98,168,527,545,332,186,98,59,32,0,0,0,0,0,0,0
20/05/2022,7874,13928,2068,23870,2063,3,2618,29219,0,206,37,453,1367,206,187,1488,178,86,120,187,508,464,315,201,96,46,36,0,0,0,0,0,0,0
21/05/2022,8111,14488,1493,24092,2021,1,3162,28078,0,174,35,404,1408,175,166,1463,200,70,105,166,504,460,317,182,115,53,32,0,0,0,0,0,0,0
22/05/2022,6182,8772,1367,16321,1817,3,3389,26504,1,178,43,361,1235,200,133,1285,199,68,132,133,452,413,261,159,103,57,39,0,0,1,0,0,0,0
23/05/2022,3594,4918,1948,10460,1544,3,2905,25139,0,119,32,323,1070,120,128,1140,155,35,85,128,376,363,242,159,79,52,24,0,0,0,0,0,0,0
24/05/2022,3949,5206,2328,11483,1918,22,2124,24928,0,161,23,404,1330,173,175,1397,173,77,96,175,481,451,304,161,105,43,25,0,0,0,0,0,0,0
25/05/2022,3980,5156,2233,11369,2430,12,2192,25164,1,169,39,468,1754,173,199,1833,209,55,118,199,711,564,347,211,119,60,30,0,0,1,0,0,0,0
26/05/2022,6344,6056,3130,15530,1845,9,1825,25180,0,189,15,355,1286,143,127,1396,177,60,83,127,468,503,270,155,98,54,25,0,0,0,0,0,0,0
27/05/2022,9030,10827,1835,21692,1877,4,1680,25373,3,216,31,391,1239,214,166,1289,208,97,117,166,396,387,343,163,113,65,30,0,0,3,0,0,0,0
28/05/2022,7722,10462,1224,19408,1645,1,1809,25206,5,147,22,364,1112,141,155,1209,140,59,82,155,428,370,265,146,83,35,22,0,0,3,0,0,0,0
29/05/2022,5669,6884,1090,13643,1155,3,1975,24382,3,99,16,233,807,102,88,843,113,42,60,88,251,273,194,125,70,29,14,0,0,3,0,0,0,0
30/05/2022,5630,4757,2041,12428,1325,2,1935,23767,0,150,15,269,891,122,114,939,146,57,65,114,295,304,227,113,79,47,20,0,0,0,0,0,0,0
31/05/2022,7741,4629,2178,14548,1451,6,2071,23145,23,131,19,318,983,121,147,1037,145,46,75,147,343,338,234,122,79,48,18,0,0,0,23,0,0,0
,596,2671,1606,4873,,,,,,,,,,,,,,,,,,,,,,,,,,,,,,
,761,4156,1512,6429,,,,,,,,,,,,,,,,,,,,,,,,,,,,,,
,2038,6784,1203,10025,,,,,,,,,,,,,,,,,,,,,,,,,,,,,,
,1127,5671,814,7612,,,,,,,,,,,,,,,,,,,,,,,,,,,,,,
,620,3162,601,4383,,,,,,,,,,,,,,,,,,,,,,,,,,,,,,
,182,1342,451,1975,,,,,,,,,,,,,,,,,,,,,,,,,,,,,,
,417,3675,1803,5895,,,,,,,,,,,,,,,,,,,,,,,,,,,,,,
,535,3807,1568,5910,,,,,,,,,,,,,,,,,,,,,,,,,,,,,,
,559,5775,2041,8375,,,,,,,,,,,,,,,,,,,,,,,,,,,,,,
,1027,9424,1914,12365,,,,,,,,,,,,,,,,,,,,,,,,,,,,,,
,653,10479,812,11944,,,,,,,,,,,,,,,,,,,,,,,,,,,,,,
,455,6473,680,7608,,,,,,,,,,,,,,,,,,,,,,,,,,,,,,
,292,5149,1234,6675,,,,,,,,,,,,,,,,,,,,,,,,,,,,,,
,609,4456,1593,6658,,,,,,,,,,,,,,,,,,,,,,,,,,,,,,
